HDI Rank,Country,1990,1991,1992,1993,1994,1995,1996,1997,1998,1999,2000,2001,2002,2003,2004,2005,2006,2007,2008,2009,2010,2011,2012,2013,2014,2015
169,Afghanistan,1.5,1.6,1.6,1.7,1.8,1.9,1.9,2.0,2.0,2.1,2.2,2.2,2.3,2.4,2.5,2.6,2.7,2.9,3.0,3.1,3.2,3.3,3.4,3.5,3.5,3.5
75,Albania,7.4,7.5,7.6,7.8,7.9,8.0,8.1,8.2,8.3,8.4,8.5,8.6,8.7,8.7,8.8,8.8,8.9,8.9,9.0,9.0,9.1,9.3,9.6,9.6,9.6,9.6
83,Algeria,3.6,3.8,4.0,4.3,4.5,4.7,5.0,5.2,5.4,5.7,5.9,6.1,6.3,6.5,6.5,6.6,6.6,6.6,6.7,6.9,7.1,7.3,7.5,7.8,7.8,7.8
32,Andorra,,,,,,,,,,,,,,,,,,,,,9.5,9.5,9.6,9.9,10.3,10.3
150,Angola,,,,,,,,,,4.4,4.4,4.4,4.4,4.4,4.4,4.4,4.5,4.5,4.6,4.7,4.7,4.7,4.8,4.9,4.9,5.0
62,Antigua and Barbuda,,,,,,,,,,,7.0,7.3,7.5,7.8,8.1,8.3,8.5,8.7,8.9,9.1,9.4,9.3,9.3,9.3,9.2,9.2
45,Argentina,7.9,8.0,8.0,8.1,8.2,8.3,8.5,8.6,8.8,8.9,9.1,9.1,9.2,9.3,9.2,9.1,9.0,8.9,8.9,9.3,9.8,9.8,9.8,9.8,9.8,9.8
84,Armenia,10.1,10.2,10.2,10.3,10.4,10.4,10.5,10.6,10.7,10.7,10.8,10.3,10.4,10.5,10.6,10.7,10.8,10.9,11.0,11.1,11.2,11.3,11.3,11.3,11.3,11.3
2,Australia,11.7,11.8,11.8,11.8,11.8,11.8,11.8,11.8,11.8,11.9,11.9,11.9,11.9,11.9,11.9,12.1,12.3,12.3,12.6,12.7,12.8,13.0,13.1,13.2,13.2,13.2
24,Austria,8.6,8.7,8.7,8.8,8.8,8.9,8.9,8.9,9.0,9.0,9.0,9.2,9.4,9.6,9.8,9.9,10.1,10.3,10.5,10.7,10.8,11.0,11.2,11.3,11.3,11.3
78,Azerbaijan,,,,,,10.2,10.3,10.4,10.5,10.5,10.6,10.6,10.6,10.6,10.6,10.7,10.7,10.7,10.7,10.8,11.0,11.1,11.2,11.2,11.2,11.2
58,Bahamas,,,,,,,,,,,10.9,10.9,10.9,10.9,10.9,10.9,10.9,10.9,10.9,10.9,10.9,10.9,10.9,10.9,10.9,10.9
47,Bahrain,6.0,6.3,6.5,6.7,6.9,7.2,7.4,7.6,7.9,8.1,8.3,8.4,8.4,8.5,8.5,8.6,8.6,8.7,8.7,8.8,8.8,9.0,9.1,9.3,9.4,9.4
139,Bangladesh,2.8,2.9,3.0,3.1,3.2,3.3,3.5,3.6,3.8,3.9,4.1,4.3,4.3,4.4,4.5,4.5,4.6,4.7,4.8,4.8,4.9,5.1,5.2,5.2,5.2,5.2
54,Barbados,8.1,8.2,8.3,8.4,8.5,8.6,8.6,8.6,8.6,8.7,9.0,9.0,9.1,9.1,9.2,9.2,9.2,9.3,9.3,9.3,9.4,9.9,10.5,10.5,10.5,10.5
52,Belarus,,,,,,8.5,8.6,8.7,8.8,8.8,8.9,9.0,9.1,9.1,9.2,9.3,10.0,10.6,11.3,11.9,12.0,12.0,12.0,12.0,12.0,12.0
22,Belgium,9.4,9.5,9.5,9.6,9.7,9.7,9.8,9.8,9.9,10.0,10.0,10.2,10.3,10.4,10.5,10.6,10.9,10.9,11.0,11.1,11.2,11.2,11.3,11.3,11.4,11.4
103,Belize,8.2,8.4,8.6,8.8,8.9,9.1,9.3,9.5,9.7,9.9,10.1,10.1,10.2,10.2,10.3,10.3,10.3,10.4,10.4,10.4,10.5,10.5,10.5,10.5,10.5,10.5
167,Benin,1.6,1.7,1.8,1.9,2.0,2.1,2.2,2.3,2.4,2.5,2.6,2.6,2.7,2.7,2.7,2.8,2.8,2.8,2.8,2.8,2.8,2.8,3.0,3.2,3.3,3.5
132,Bhutan,,,,,,,,,,,,,,,,,,,,,2.3,2.3,2.4,2.8,3.1,3.1
118,Bolivia (Plurinational State of),6.4,6.5,6.7,6.8,7.0,7.1,7.2,7.2,7.3,7.4,7.4,7.3,7.2,7.1,7.1,7.0,7.0,7.1,7.2,7.5,7.8,8.0,8.2,8.2,8.2,8.2
81,Bosnia and Herzegovina,,,,,,,,,,,,,,,,7.4,7.4,7.5,7.6,7.7,7.1,7.9,8.3,8.7,9.0,9.0
108,Botswana,5.5,5.8,6.0,6.2,6.5,6.7,6.9,7.1,7.3,7.4,7.6,7.7,7.9,8.0,8.1,8.3,8.4,8.5,8.6,8.8,8.9,9.0,9.1,9.2,9.2,9.2
79,Brazil,3.8,3.9,4.1,4.3,4.5,4.6,4.8,5.0,5.2,5.4,5.6,5.8,6.0,6.2,6.0,6.1,6.3,6.5,6.7,6.8,6.9,7.0,7.2,7.3,7.7,7.8
30,Brunei Darussalam,7.5,7.6,7.7,7.8,8.0,8.1,8.1,8.2,8.2,8.2,8.3,8.3,8.4,8.4,8.4,8.5,8.5,8.6,8.7,8.7,8.8,8.8,8.9,8.9,9.0,9.0
56,Bulgaria,8.9,8.9,9.0,9.1,9.2,9.3,9.3,9.4,9.4,9.5,9.5,9.9,10.0,10.1,10.1,10.2,10.3,10.4,10.4,10.5,10.6,10.6,10.7,10.7,10.8,10.8
185,Burkina Faso,,,,,,,,,,,,,,,,1.3,1.3,1.3,1.3,1.4,1.4,1.4,1.4,1.4,1.4,1.4
184,Burundi,1.4,1.5,1.5,1.5,1.6,1.6,1.6,1.7,1.7,1.8,1.8,1.9,2.0,2.1,2.2,2.3,2.4,2.4,2.5,2.6,2.6,2.7,2.8,3.0,3.0,3.0
122,Cabo Verde,,,,,,,,,,,3.5,3.6,3.7,3.8,3.8,3.9,4.0,4.1,4.2,4.3,4.3,4.4,4.5,4.6,4.7,4.8
143,Cambodia,2.7,2.7,2.8,2.8,2.9,3.0,3.0,3.1,3.1,3.2,3.2,3.3,3.3,3.4,3.5,3.5,3.6,3.7,3.9,3.7,4.4,4.4,4.5,4.6,4.7,4.7
153,Cameroon,3.5,3.6,3.7,3.9,4.0,4.2,4.3,4.4,4.6,4.7,4.8,4.9,5.1,5.1,5.1,5.1,5.2,5.2,5.2,5.2,5.2,5.5,5.7,5.9,6.1,6.1
10,Canada,10.3,10.3,10.4,10.5,10.6,10.6,10.7,10.8,10.8,10.9,11.0,11.2,11.5,11.7,12.0,12.2,12.3,12.4,12.4,12.5,12.7,12.8,12.9,13.0,13.1,13.1
188,Central African Republic,2.1,2.1,2.2,2.3,2.4,2.4,2.5,2.6,2.7,2.8,2.9,2.9,3.0,3.1,3.2,3.3,3.5,3.6,3.8,4.0,4.2,4.2,4.2,4.2,4.2,4.2
186,Chad,,,,,,,,,,,1.4,1.4,1.4,1.4,1.4,1.5,1.6,1.7,1.8,1.8,1.9,2.0,2.1,2.2,2.3,2.3
38,Chile,8.1,8.1,8.2,8.3,8.3,8.4,8.5,8.6,8.6,8.7,8.8,9.0,9.2,9.4,9.6,9.5,9.5,9.4,9.9,9.9,9.8,9.8,9.9,9.9,9.9,9.9
90,China,4.8,5.0,5.2,5.3,5.5,5.7,5.8,6.0,6.2,6.3,6.5,6.5,6.6,6.7,6.8,6.9,6.9,7.0,7.0,7.1,7.1,7.3,7.4,7.5,7.6,7.6
95,Colombia,5.5,5.6,5.7,5.8,6.0,6.1,6.2,6.3,6.3,6.4,6.5,6.5,6.5,6.5,6.6,6.8,6.7,6.8,7.0,6.9,7.1,7.2,7.3,7.4,7.6,7.6
160,Comoros,,,,,,,,,,,,,,,2.8,3.1,3.3,3.5,3.7,3.9,4.2,4.4,4.6,4.8,4.8,4.8
135,Congo,4.4,4.5,4.7,4.8,5.0,5.1,5.2,5.3,5.4,5.5,5.5,5.6,5.7,5.7,5.8,5.8,5.9,5.9,6.0,6.0,6.1,6.1,6.2,6.3,6.3,6.3
176,Congo (Democratic Republic of the),2.3,2.4,2.5,2.7,2.8,2.9,3.0,3.1,3.1,3.2,3.3,3.5,3.7,3.9,4.1,4.3,4.5,4.8,5.0,5.2,5.4,5.6,5.8,6.0,6.1,6.1
66,Costa Rica,6.9,7.0,7.1,7.2,7.3,7.4,7.5,7.7,7.8,7.9,8.0,8.0,8.0,7.9,7.9,7.9,7.9,8.0,8.2,8.3,8.2,8.3,8.4,8.5,8.7,8.7
45,Croatia,6.0,6.3,6.5,6.8,7.1,7.3,7.8,8.2,8.6,9.0,9.4,9.8,9.8,9.8,9.7,9.7,9.9,10.1,10.3,10.6,10.8,11.0,11.0,11.0,11.1,11.2
68,Cuba,8.5,8.6,8.8,8.9,9.1,9.2,9.3,9.4,9.5,9.6,9.6,9.7,9.5,9.8,9.8,9.9,10.1,10.4,10.6,10.8,11.0,11.3,11.5,11.8,11.8,11.8
33,Cyprus,8.7,8.8,8.9,9.0,9.1,9.2,9.4,9.5,9.7,9.8,10.0,10.1,10.2,10.4,10.4,10.6,10.8,11.0,11.1,11.1,11.3,11.5,11.6,11.7,11.7,11.7
28,Czech Republic,10.9,11.1,11.4,11.6,11.8,12.1,12.2,12.4,12.6,12.7,12.9,12.9,13.0,13.0,13.0,13.1,12.9,12.8,12.6,12.5,12.3,12.3,12.3,12.3,12.3,12.3
171,CÃ´te d'Ivoire,2.0,2.1,2.2,2.3,2.4,2.5,2.6,2.8,3.0,3.1,3.3,3.3,3.4,3.5,3.6,3.7,3.8,3.9,4.0,4.1,4.2,4.4,4.5,4.7,4.8,5.0
5,Denmark,9.0,9.2,9.3,9.5,9.7,9.9,10.1,10.2,10.4,10.6,10.7,11.4,12.1,12.8,12.8,12.8,12.8,12.7,12.7,12.8,12.9,12.9,13.0,13.0,12.7,12.7
172,Djibouti,,,,,,2.8,2.8,2.9,3.0,3.1,3.2,3.3,3.4,3.5,3.6,3.7,3.8,3.9,3.9,3.9,4.0,4.0,4.0,4.1,4.1,4.1
96,Dominica,,,,,,,,,,,7.8,7.8,7.8,7.8,7.8,7.8,7.8,7.8,7.8,7.8,7.8,7.8,7.9,7.9,7.9,7.9
99,Dominican Republic,5.0,5.1,5.3,5.5,5.7,5.8,6.0,6.1,6.2,6.3,6.4,6.5,6.7,6.8,6.9,7.0,7.1,7.2,7.2,7.2,7.3,7.4,7.5,7.5,7.7,7.7
89,Ecuador,6.6,6.7,6.7,6.8,6.9,6.9,6.9,6.9,6.9,6.9,7.0,7.0,7.1,7.1,7.2,7.3,7.3,7.3,7.2,7.2,7.5,7.8,8.0,8.3,8.3,8.3
111,Egypt,3.5,3.6,3.7,3.8,3.9,4.0,4.2,4.3,4.5,4.6,4.8,4.9,5.1,5.3,5.4,5.6,5.8,6.0,6.2,6.4,6.5,6.7,6.8,6.9,7.0,7.1
117,El Salvador,3.7,3.8,3.9,4.0,4.1,4.2,4.4,4.6,4.8,5.0,5.2,5.3,5.5,5.7,5.8,6.0,6.2,5.6,6.2,6.3,6.3,6.3,6.5,6.6,6.5,6.5
135,Equatorial Guinea,,,,,,,,,,,5.4,5.4,5.4,5.4,5.4,5.4,5.4,5.4,5.4,5.5,5.5,5.5,5.5,5.5,5.5,5.5
179,Eritrea,,,,,,,,,,,,,,,,3.7,3.7,3.8,3.8,3.8,3.9,3.9,3.9,3.9,3.9,3.9
30,Estonia,9.3,9.5,9.8,10.0,10.2,10.5,10.7,11.0,11.2,11.5,12.0,12.0,12.0,12.0,12.0,12.0,12.0,12.0,12.0,12.0,12.0,12.4,12.5,12.5,12.5,12.5
174,Ethiopia,,,,,,,,,,,1.5,1.6,1.7,1.7,1.8,1.9,2.0,2.1,2.2,2.3,2.3,2.4,2.4,2.5,2.5,2.6
91,Fiji,8.4,8.7,8.9,9.2,9.5,9.8,9.8,9.7,9.7,9.6,9.6,9.5,9.4,9.3,9.3,9.2,9.3,9.3,9.4,9.5,9.6,9.8,10.1,10.3,10.5,10.5
23,Finland,7.5,7.7,7.9,8.2,8.4,8.6,8.8,8.9,9.0,9.2,9.3,9.4,9.5,9.6,9.7,9.8,9.9,10.0,10.0,10.1,10.2,10.5,10.7,10.9,11.2,11.2
21,France,7.1,7.5,7.8,8.1,8.4,8.8,9.0,9.2,9.4,9.6,9.8,10.0,10.1,10.2,10.3,10.4,10.6,10.7,10.8,10.9,11.0,11.0,11.1,11.3,11.4,11.6
109,Gabon,4.3,4.5,4.7,4.9,5.0,5.2,5.4,5.6,5.8,6.0,6.2,6.3,6.5,6.6,6.8,6.9,7.0,7.2,7.3,7.4,7.6,7.7,7.8,8.1,8.1,8.1
173,Gambia,1.2,1.4,1.5,1.6,1.7,1.8,1.8,1.9,1.9,2.0,2.0,2.1,2.1,2.2,2.3,2.4,2.5,2.5,2.6,2.7,2.8,2.9,3.1,3.2,3.3,3.3
70,Georgia,,,,,,,,,,,11.7,11.8,11.9,12.0,12.0,12.1,12.1,12.1,12.2,12.2,12.2,12.2,12.1,12.2,12.2,12.2
4,Germany,8.8,8.9,9.1,9.3,9.5,9.7,9.8,10.0,10.2,10.3,10.5,10.8,11.2,11.5,11.8,12.3,12.4,12.6,12.7,12.8,13.0,13.0,13.1,13.2,13.2,13.2
139,Ghana,4.9,5.1,5.2,5.4,5.5,5.7,5.8,5.8,5.9,6.0,6.1,6.2,6.2,6.3,6.4,6.4,6.5,6.5,6.6,6.7,6.8,6.8,6.8,6.9,6.9,6.9
29,Greece,7.9,7.9,8.0,8.1,8.1,8.2,8.3,8.3,8.4,8.5,8.6,8.8,9.1,9.3,9.6,9.8,9.9,10.0,10.1,10.1,10.2,10.3,10.3,10.4,10.5,10.5
79,Grenada,,,,,,,,,,,,,,,,,,,,,8.3,8.4,8.5,8.6,8.6,8.6
125,Guatemala,3.1,3.2,3.3,3.3,3.4,3.5,3.5,3.6,3.6,3.6,3.7,3.8,3.8,3.7,3.6,3.5,3.6,3.9,4.3,4.6,4.9,5.3,4.7,4.8,6.3,6.3
183,Guinea,1.2,1.2,1.2,1.3,1.3,1.3,1.4,1.4,1.4,1.4,1.5,1.5,1.5,1.5,1.6,1.6,1.6,1.6,1.6,1.6,1.6,2.0,2.4,2.6,2.6,2.6
178,Guinea-Bissau,,,,,,,,,,,,,,,,2.3,2.3,2.3,2.4,2.5,2.6,2.7,2.8,2.8,2.9,2.9
127,Guyana,6.8,6.9,7.0,7.0,7.1,7.2,7.3,7.4,7.5,7.6,7.7,7.8,7.8,7.8,7.9,7.9,7.9,8.0,8.0,8.0,8.2,8.3,8.4,8.5,8.5,8.4
163,Haiti,2.7,2.8,2.9,3.0,3.1,3.2,3.3,3.4,3.5,3.6,3.8,3.9,4.0,4.1,4.2,4.3,4.4,4.5,4.6,4.7,4.7,4.8,4.9,5.0,5.1,5.2
130,Honduras,3.5,3.5,3.6,3.7,3.8,3.9,3.9,4.0,4.1,4.2,4.3,4.4,4.5,4.6,4.6,4.7,4.8,4.9,5.1,5.2,5.4,5.5,5.5,5.8,6.2,6.2
12,"Hong Kong, China (SAR)",8.6,8.6,8.6,8.7,8.7,8.8,8.8,8.8,8.8,8.8,8.8,9.1,9.5,9.8,10.2,10.5,10.9,10.9,11.0,11.1,11.2,11.4,11.6,11.6,11.6,11.6
43,Hungary,8.7,9.0,9.3,9.7,10.0,10.3,10.3,10.3,10.3,10.2,10.2,10.2,10.3,10.5,10.6,10.8,11.0,11.2,11.4,11.5,11.7,11.7,11.6,12.1,12.0,12.0
9,Iceland,8.5,8.6,8.6,8.7,8.8,8.9,9.0,9.1,9.2,9.3,9.4,9.6,9.7,9.8,9.9,10.0,10.2,10.3,10.4,10.5,10.6,11.0,11.5,11.9,12.2,12.2
131,India,3.0,3.1,3.2,3.3,3.4,3.5,3.7,3.9,4.0,4.2,4.4,4.5,4.6,4.7,4.7,4.8,4.9,5.0,5.2,5.3,5.4,5.3,5.6,5.8,6.1,6.3
113,Indonesia,3.3,3.5,3.7,3.9,4.0,4.2,4.7,5.2,5.7,6.2,6.7,6.9,7.0,7.2,7.3,7.4,7.6,7.0,7.1,7.3,7.4,7.5,7.6,7.8,7.9,7.9
69,Iran (Islamic Republic of),4.2,4.4,4.6,4.8,5.1,5.3,5.5,5.6,5.8,6.0,6.2,6.4,6.5,6.7,6.9,7.0,7.3,7.5,7.7,7.9,8.2,8.3,8.5,8.6,8.8,8.8
121,Iraq,3.2,3.4,3.6,3.8,4.0,4.2,4.3,4.5,4.7,4.9,5.0,5.2,5.4,5.5,5.7,5.8,5.9,6.1,6.2,6.3,6.4,6.6,6.6,6.6,6.6,6.6
8,Ireland,9.7,9.9,10.0,10.1,10.3,10.4,10.5,10.6,10.7,10.8,10.8,11.0,11.2,11.4,11.6,11.7,11.8,11.9,12.0,12.1,12.2,10.9,11.3,11.8,12.3,12.3
19,Israel,10.8,11.0,11.1,11.3,11.4,11.6,11.7,11.8,11.8,11.9,12.0,12.1,12.1,12.2,12.2,12.3,12.3,12.3,12.3,12.3,12.4,12.5,12.5,12.7,12.8,12.8
26,Italy,7.3,7.4,7.5,7.7,7.8,7.9,8.1,8.2,8.3,8.4,8.6,8.7,8.8,8.9,9.1,9.2,9.3,9.5,9.6,9.7,9.7,9.8,9.9,10.3,10.6,10.9
94,Jamaica,6.5,6.7,6.9,7.1,7.3,7.5,7.7,7.9,8.2,8.4,8.6,8.7,8.8,8.9,9.0,9.1,9.2,9.3,9.4,9.6,9.5,9.5,9.6,9.6,9.6,9.6
17,Japan,9.6,9.7,9.8,10.0,10.1,10.2,10.3,10.4,10.5,10.6,10.7,10.8,10.9,11.0,11.1,11.2,11.2,11.3,11.4,11.4,11.5,11.8,12.0,12.2,12.5,12.5
86,Jordan,5.1,5.9,6.8,7.6,8.5,9.3,9.3,9.4,9.4,9.5,9.5,9.6,9.6,9.7,9.7,9.7,9.8,9.8,9.8,9.9,9.9,9.9,9.9,9.9,10.1,10.1
56,Kazakhstan,8.1,8.3,8.5,8.8,9.0,9.3,9.5,9.8,10.0,10.2,10.5,10.7,11.0,11.2,11.5,11.7,11.7,11.6,11.5,11.5,11.4,11.5,11.5,11.6,11.7,11.7
146,Kenya,3.7,3.9,4.0,4.2,4.4,4.5,4.7,4.8,5.0,5.1,5.3,5.4,5.5,5.6,5.7,5.8,5.9,6.0,6.0,6.1,6.1,6.2,6.2,6.3,6.3,6.3
137,Kiribati,,,,,,,,,,,,,,,,7.5,7.5,7.6,7.6,7.7,7.7,7.7,7.8,7.8,7.8,7.8
18,Korea (Republic of),8.9,9.2,9.4,9.6,9.8,10.0,10.1,10.2,10.4,10.5,10.6,10.7,10.9,11.0,11.2,11.4,11.4,11.5,11.6,11.0,11.8,11.8,11.9,12.2,12.2,12.2
51,Kuwait,5.5,5.5,5.6,5.7,5.7,5.8,5.9,6.0,6.0,6.1,6.2,6.2,6.1,6.1,6.1,6.1,6.1,6.2,6.4,6.6,6.8,7.0,7.2,6.7,7.3,7.3
120,Kyrgyzstan,8.6,8.7,8.8,8.9,9.0,9.1,9.2,9.4,9.5,9.8,9.8,9.9,10.0,10.0,10.1,10.2,10.2,10.3,10.3,10.4,10.6,10.6,10.7,10.7,10.8,10.8
138,Lao People's Democratic Republic,3.1,3.2,3.3,3.4,3.5,3.6,3.6,3.7,3.8,3.8,3.9,4.0,4.0,4.1,4.2,4.2,4.3,4.4,4.4,4.5,4.6,4.8,5.0,5.1,5.2,5.2
44,Latvia,7.6,7.8,8.1,8.4,8.6,8.9,9.0,9.1,9.2,9.4,9.5,10.0,10.6,11.2,11.7,12.3,12.3,12.2,12.1,12.0,11.9,11.7,11.6,11.5,11.7,11.7
76,Lebanon,,,,,,,,,,,,,,,,7.6,7.6,7.6,7.6,7.6,7.9,8.3,8.6,8.6,8.6,8.6
160,Lesotho,4.4,4.5,4.5,4.5,4.6,4.6,4.7,4.7,4.8,4.8,4.9,5.0,5.1,5.1,5.2,5.3,5.4,5.5,5.4,5.9,5.6,5.8,5.9,6.0,6.1,6.1
177,Liberia,2.6,2.7,2.8,2.9,3.0,3.1,3.2,3.2,3.3,3.4,3.5,3.5,3.6,3.7,3.7,3.8,3.8,3.9,4.0,4.0,4.1,4.2,4.3,4.4,4.4,4.4
102,Libya,3.8,4.0,4.2,4.3,4.5,4.7,4.9,5.0,5.2,5.4,5.6,5.8,5.9,6.1,6.3,6.4,6.6,6.8,7.0,7.1,7.3,7.3,7.3,7.3,7.3,7.3
15,Liechtenstein,9.2,9.2,9.2,9.3,9.3,9.3,9.5,9.7,9.9,10.1,10.2,10.4,10.5,10.7,10.8,11.0,11.2,11.4,11.7,11.8,12.1,12.2,12.3,12.4,12.4,12.4
37,Lithuania,9.0,9.2,9.4,9.5,9.7,9.9,10.0,10.2,10.4,10.6,10.7,10.9,11.1,11.3,11.5,11.7,11.8,11.9,12.1,12.2,12.3,12.4,12.4,12.6,12.7,12.7
20,Luxembourg,8.8,8.9,9.0,9.1,9.2,9.3,9.5,9.7,9.9,10.1,10.3,10.5,10.7,10.9,11.1,11.3,11.5,11.7,11.7,11.8,11.8,11.8,11.8,11.8,12.0,12.0
158,Madagascar,,,,,,,,,,,5.2,5.2,5.3,5.4,5.5,5.6,5.7,5.8,5.9,5.9,6.0,6.1,6.1,6.1,6.1,6.1
170,Malawi,2.5,2.5,2.6,2.6,2.7,2.7,2.8,2.8,2.9,3.0,3.0,3.1,3.2,3.3,3.3,3.4,3.6,3.8,3.9,4.1,4.3,4.3,4.3,4.4,4.4,4.4
59,Malaysia,6.5,6.7,6.9,7.1,7.4,7.6,7.8,8.0,8.2,8.4,8.6,8.4,8.2,8.0,7.8,7.6,8.1,8.6,9.0,9.5,10.0,10.0,10.1,10.1,10.1,10.1
105,Maldives,4.0,3.9,3.8,3.7,3.6,3.5,3.4,3.3,3.2,3.1,3.0,3.1,3.2,3.3,3.4,3.5,3.6,3.9,4.3,4.7,5.0,5.3,5.6,5.8,6.2,6.2
175,Mali,0.7,0.7,0.8,0.8,0.9,0.9,1.0,1.0,1.1,1.1,1.2,1.3,1.4,1.5,1.6,1.7,1.7,1.8,1.9,1.9,2.0,2.0,2.1,2.2,2.3,2.3
33,Malta,7.4,7.4,7.4,7.4,7.4,7.4,7.6,7.7,7.8,7.9,8.1,8.2,8.3,8.5,8.6,8.8,8.8,8.9,9.1,9.2,9.4,9.6,9.9,11.2,11.3,11.3
157,Mauritania,2.2,2.3,2.4,2.5,2.5,2.6,2.7,2.8,2.8,2.9,3.0,3.0,3.1,3.2,3.3,3.4,3.4,3.5,3.6,3.7,3.8,3.9,4.0,4.1,4.3,4.3
64,Mauritius,5.7,5.8,5.9,6.0,6.1,6.3,6.2,6.2,6.2,6.2,6.2,6.4,6.6,6.8,7.0,7.2,7.4,7.6,7.8,8.0,8.2,8.5,8.6,8.9,9.1,9.1
77,Mexico,5.5,5.7,5.9,6.1,6.2,6.4,6.5,6.5,6.6,6.6,6.7,6.8,7.0,7.1,7.3,7.5,7.9,7.9,8.0,8.1,8.3,8.4,8.5,8.3,8.4,8.6
127,Micronesia (Federated States of),,,,,,,,,,,8.8,8.9,9.0,9.1,9.2,9.3,9.4,9.5,9.5,9.6,9.7,9.7,9.7,9.7,9.7,9.7
107,Moldova (Republic of),8.0,8.1,8.2,8.3,8.5,8.6,8.7,8.8,8.8,8.9,9.0,9.3,9.6,9.8,10.1,10.4,10.6,10.9,11.0,11.1,11.1,11.2,11.5,11.8,11.9,11.9
92,Mongolia,7.7,7.7,7.7,7.8,7.8,7.8,7.9,8.0,8.0,8.1,8.2,8.3,8.4,8.4,8.5,8.6,8.9,9.1,9.3,9.6,9.8,9.8,9.8,9.8,9.8,9.8
48,Montenegro,,,,,,,,,,,,,,10.3,10.4,10.5,10.7,10.8,10.9,11.0,11.1,11.2,11.2,11.3,11.3,11.3
123,Morocco,2.2,2.3,2.4,2.5,2.7,2.8,2.9,3.0,3.1,3.2,3.4,3.5,3.6,3.7,3.8,3.9,4.0,4.0,4.1,4.2,4.2,4.4,4.6,4.8,5.0,5.0
181,Mozambique,0.8,1.0,1.1,1.2,1.3,1.5,1.7,1.9,2.0,2.1,2.2,2.4,2.5,2.6,2.8,2.9,2.9,3.0,3.1,3.1,3.2,3.2,3.3,3.4,3.4,3.5
145,Myanmar,2.4,2.5,2.5,2.6,2.7,2.7,2.8,2.9,2.9,3.0,3.1,3.2,3.3,3.4,3.5,3.5,3.7,3.8,3.9,4.0,4.1,4.3,4.5,4.7,4.7,4.7
125,Namibia,5.6,5.6,5.6,5.6,5.7,5.7,5.6,5.6,5.6,5.6,5.6,5.8,5.8,5.8,5.9,6.0,6.0,6.1,6.1,6.2,6.2,6.3,6.4,6.6,6.7,6.7
144,Nepal,2.0,2.1,2.1,2.2,2.2,2.2,2.3,2.3,2.3,2.3,2.4,2.5,2.5,2.6,2.7,2.8,2.9,3.0,3.1,3.2,3.3,3.5,3.7,3.9,4.1,4.1
7,Netherlands,10.2,10.2,10.3,10.4,10.4,10.5,10.6,10.6,10.7,10.8,10.8,11.0,11.1,11.3,11.5,11.6,11.8,11.9,11.8,11.8,11.8,11.8,11.9,11.9,11.9,11.9
13,New Zealand,11.5,11.6,11.6,11.6,11.6,11.6,11.6,11.6,11.6,11.6,11.6,11.6,11.6,11.6,11.6,11.7,11.7,11.8,11.9,12.0,12.1,12.2,12.3,12.4,12.5,12.5
124,Nicaragua,4.1,4.2,4.3,4.4,4.5,4.6,4.7,4.8,4.9,5.0,5.1,5.2,5.2,5.3,5.4,5.5,5.6,5.7,5.8,5.9,6.0,6.1,6.3,6.4,6.5,6.5
187,Niger,0.7,0.7,0.8,0.8,0.8,0.9,0.9,1.0,1.0,1.1,1.1,1.1,1.2,1.2,1.3,1.3,1.3,1.4,1.4,1.4,1.4,1.5,1.6,1.6,1.7,1.7
152,Nigeria,,,,,,,,,,,,,,5.2,5.2,5.2,5.2,5.2,5.2,5.2,5.2,5.5,5.7,5.9,5.9,6.0
1,Norway,11.5,11.6,11.6,11.7,11.7,11.8,11.8,11.9,11.9,12.0,12.0,12.1,12.1,12.2,12.2,12.3,12.3,12.4,12.4,12.5,12.5,12.6,12.6,12.7,12.7,12.7
52,Oman,,,,,,,,,,,5.3,5.6,5.9,6.3,6.6,7.0,7.3,7.7,8.0,8.0,7.9,8.0,8.0,8.0,8.0,8.1
147,Pakistan,2.3,2.4,2.5,2.6,2.7,2.8,2.9,3.0,3.1,3.2,3.3,3.5,3.8,4.0,4.3,4.5,4.4,4.4,4.3,4.5,4.6,4.7,5.0,5.1,5.1,5.1
60,Palau,10.3,10.4,10.5,10.7,10.8,10.9,11.0,11.1,11.2,11.3,11.4,11.4,11.4,11.4,11.4,11.4,11.5,11.7,11.8,11.9,12.1,12.2,12.3,12.3,12.3,12.3
114,"Palestine, State of",,,,,,,,,,,,,,,7.5,7.6,7.8,7.9,8.0,8.3,8.4,8.6,8.9,8.9,8.9,8.9
60,Panama,7.3,7.4,7.6,7.7,7.9,8.0,8.1,8.2,8.3,8.4,8.5,8.6,8.7,8.8,8.9,9.0,9.1,9.2,9.2,9.3,9.3,9.3,9.5,9.7,9.9,9.9
154,Papua New Guinea,2.3,2.4,2.6,2.7,2.8,2.9,3.0,3.1,3.1,3.2,3.3,3.3,3.4,3.4,3.5,3.5,3.6,3.7,3.8,3.9,4.0,4.1,4.2,4.3,4.3,4.3
110,Paraguay,5.8,5.8,5.9,6.0,6.0,6.1,6.1,6.0,6.0,5.9,5.9,6.2,6.5,6.9,7.1,7.3,7.0,7.1,7.3,7.4,7.7,7.8,7.9,8.0,8.1,8.1
87,Peru,6.6,6.7,6.9,7.0,7.1,7.3,7.4,7.5,7.7,7.8,8.0,8.1,8.3,8.4,8.6,8.4,8.2,8.1,8.1,8.1,8.8,8.9,9.0,9.0,9.0,9.0
116,Philippines,6.6,6.7,6.8,6.9,7.0,7.1,7.2,7.3,7.4,7.5,7.6,7.7,7.9,8.0,8.2,8.3,8.5,8.6,8.8,9.0,9.1,9.2,9.2,9.3,9.3,9.3
36,Poland,9.8,9.9,10.1,10.2,10.4,10.5,10.6,10.7,10.8,10.9,11.1,11.1,11.1,11.2,11.2,11.3,11.3,11.4,11.4,11.6,11.7,11.8,11.8,11.9,11.9,11.9
41,Portugal,6.2,6.3,6.3,6.4,6.4,6.4,6.5,6.5,6.5,6.6,6.6,6.7,6.8,6.9,7.0,7.1,7.3,7.3,7.4,7.6,7.8,8.0,8.2,8.6,8.9,8.9
33,Qatar,5.4,5.5,5.6,5.7,5.8,5.9,6.3,6.7,7.1,7.5,7.9,8.0,8.1,8.2,8.3,8.7,9.1,9.5,9.6,9.2,8.9,8.6,9.1,9.8,9.8,9.8
50,Romania,9.0,9.1,9.2,9.3,9.4,9.5,9.6,9.7,9.7,9.8,9.9,9.7,9.6,9.7,9.9,10.1,10.3,10.4,10.5,10.5,10.6,10.7,10.8,10.8,10.6,10.8
49,Russian Federation,9.2,9.4,9.5,9.7,9.9,10.0,10.3,10.6,10.8,11.1,11.3,11.4,11.4,11.5,11.5,11.6,11.6,11.6,11.7,11.7,12.0,12.0,12.0,12.0,12.0,12.0
159,Rwanda,1.8,1.8,1.8,1.9,1.9,2.0,2.0,2.1,2.1,2.2,2.3,2.4,2.5,2.6,2.7,2.8,2.9,3.1,3.2,3.3,3.5,3.6,3.8,3.8,3.8,3.8
74,Saint Kitts and Nevis,,,,,,,,,,,,,,,,,,,,,7.8,8.0,8.1,8.3,8.4,8.4
92,Saint Lucia,,,,,,,,,,,7.0,7.1,7.2,7.3,7.4,7.5,7.7,8.0,8.3,8.5,9.3,9.3,9.3,8.4,9.3,9.3
99,Saint Vincent and the Grenadines,,,,,,,,,,,7.6,7.6,7.7,7.8,7.8,7.9,8.0,8.1,8.1,8.2,8.3,8.4,8.5,8.6,8.6,8.6
104,Samoa,7.6,7.7,7.8,8.0,8.1,8.2,8.3,8.5,8.6,8.7,8.8,8.9,9.1,9.2,9.3,9.4,9.5,9.7,9.8,9.9,10.0,10.2,10.2,10.3,10.3,10.3
142,Sao Tome and Principe,2.9,3.0,3.1,3.3,3.4,3.5,3.7,3.8,3.9,4.1,4.2,4.3,4.3,4.4,4.4,4.5,4.5,4.6,4.7,4.8,5.0,5.1,5.3,5.3,5.3,5.3
38,Saudi Arabia,5.7,5.8,5.8,6.0,6.0,6.2,6.3,6.4,6.5,6.6,6.7,6.8,7.0,7.1,7.3,7.6,7.8,8.1,8.3,8.6,8.9,9.1,9.4,9.6,9.6,9.6
162,Senegal,2.2,2.2,2.1,2.1,2.1,2.1,2.0,2.0,2.0,1.9,1.9,2.3,2.4,2.4,2.4,2.4,2.4,2.4,2.4,2.4,2.4,2.4,2.6,2.7,2.8,2.8
66,Serbia,8.0,8.1,8.3,8.5,8.6,8.8,8.9,9.0,9.2,9.3,9.4,9.6,9.7,9.9,10.0,10.2,10.2,10.2,10.2,10.3,10.4,10.7,10.5,10.5,10.8,10.8
63,Seychelles,,,,,,,,,,,7.4,7.5,7.6,7.6,7.7,7.7,7.8,7.9,8.0,8.0,8.1,8.4,8.8,9.1,9.4,9.4
179,Sierra Leone,1.6,1.7,1.7,1.8,1.9,2.0,2.0,2.1,2.2,2.2,2.3,2.4,2.5,2.5,2.6,2.7,2.8,2.8,2.9,3.0,3.1,3.1,3.2,3.3,3.3,3.3
5,Singapore,5.8,6.1,6.4,6.7,7.0,7.3,7.6,8.0,8.3,8.6,8.9,8.8,8.7,8.7,8.6,8.5,10.4,10.5,10.8,10.8,11.3,11.4,11.5,11.5,11.6,11.6
40,Slovakia,10.8,10.9,11.0,11.1,11.3,11.4,11.2,11.0,10.8,10.5,10.3,10.1,10.3,10.4,10.6,10.8,10.9,11.1,11.2,11.4,11.6,12.1,12.1,12.1,12.1,12.2
25,Slovenia,10.9,11.0,11.0,11.1,11.2,11.2,11.3,11.4,11.4,11.5,11.6,11.5,11.5,11.5,11.7,11.4,11.5,11.5,11.6,11.7,11.8,11.9,11.9,12.1,12.1,12.1
156,Solomon Islands,,,,,,,,,,4.5,4.6,4.6,4.7,4.7,4.8,4.8,4.9,4.9,5.0,5.0,5.1,5.2,5.2,5.3,5.3,5.3
0,Somalia,,,,,,,,,,,,,,,,,2.1,,,,,,,,,
119,South Africa,6.5,6.6,7.2,7.5,7.9,8.2,8.3,8.4,8.5,8.7,8.8,8.7,8.5,8.8,8.8,8.9,8.9,9.1,9.2,9.5,9.6,9.7,9.9,10.1,10.3,10.3
181,South Sudan,,,,,,,,,,,,,,,,,,,4.8,4.8,4.8,4.8,4.8,4.8,4.8,4.8
27,Spain,6.0,6.4,6.7,7.1,7.4,7.7,7.9,8.0,8.1,8.2,8.4,8.5,8.5,8.6,8.7,8.9,9.1,9.2,9.3,9.4,9.5,9.5,9.6,9.7,9.8,9.8
73,Sri Lanka,8.3,8.5,8.6,8.8,8.9,9.1,9.3,9.4,9.6,9.8,10.0,10.9,10.2,10.2,10.3,10.4,10.5,10.6,10.6,10.7,10.8,10.8,10.9,10.9,10.9,10.9
165,Sudan,1.5,1.6,1.7,1.8,1.9,2.0,2.1,2.2,2.3,2.3,2.4,2.5,2.6,2.7,2.8,2.9,3.0,3.0,3.0,3.1,3.1,3.2,3.3,3.4,3.5,3.5
97,Suriname,,,,,,,,,,,,,,,7.7,7.7,7.7,7.7,7.7,7.7,7.7,7.7,8.3,8.3,8.3,8.3
148,Swaziland,4.8,4.9,5.1,5.2,5.3,5.4,5.5,5.7,5.8,5.9,6.0,6.1,6.1,6.1,6.2,6.2,6.2,6.2,6.2,6.2,6.2,6.5,6.8,6.8,6.8,6.8
14,Sweden,10.5,10.6,10.7,10.8,10.9,10.9,11.0,11.1,11.2,11.3,11.4,11.5,11.6,11.8,11.8,11.8,11.8,11.9,11.9,11.9,11.9,12.0,12.1,12.2,12.3,12.3
2,Switzerland,9.7,9.7,9.7,9.7,9.8,9.8,10.1,10.4,10.8,11.1,11.4,11.6,11.7,11.8,11.9,12.0,12.3,12.6,12.9,12.9,13.4,13.4,13.4,13.4,13.4,13.4
149,Syrian Arab Republic,4.0,4.1,4.2,4.3,4.4,4.5,4.5,4.5,4.5,4.6,4.6,4.8,4.7,5.1,5.4,5.8,6.2,6.5,6.3,6.6,6.3,6.3,6.3,6.3,5.6,5.1
129,Tajikistan,9.6,9.8,10.0,10.2,10.4,10.6,10.6,10.6,10.6,10.6,10.6,10.6,10.6,10.6,10.5,10.5,10.5,10.5,10.5,10.4,10.4,10.4,10.4,10.4,10.4,10.4
151,Tanzania (United Republic of),3.6,3.7,3.8,3.9,4.0,4.1,4.1,4.2,4.2,4.2,4.2,4.3,4.3,4.4,4.5,4.8,4.8,4.9,5.0,5.0,5.1,5.1,5.5,5.5,5.6,5.8
87,Thailand,4.6,4.7,4.7,4.8,4.9,5.0,5.2,5.5,5.7,5.9,6.1,6.3,6.5,6.7,6.9,6.7,6.5,6.7,6.9,7.1,7.3,7.5,7.7,7.9,7.9,7.9
82,The former Yugoslav Republic of Macedonia,,,,,,,,,,,,,,,,8.2,8.4,8.5,8.7,8.9,9.1,9.3,9.4,9.4,9.4,9.4
133,Timor-Leste,,,,,,,,,,,2.8,2.8,2.9,3.0,3.1,3.3,3.4,3.5,4.0,4.4,4.4,4.4,4.4,4.4,4.4,4.4
166,Togo,3.0,3.1,3.2,3.3,3.4,3.5,3.6,3.7,3.8,3.9,4.0,4.0,4.1,4.1,4.2,4.2,4.3,4.3,4.3,4.3,4.3,4.4,4.4,4.5,4.7,4.7
101,Tonga,8.3,8.5,8.6,8.8,9.0,9.1,9.1,9.1,9.1,9.1,9.1,9.1,9.1,9.2,9.2,9.2,9.5,9.8,10.1,10.4,10.7,11.1,11.1,11.1,11.1,11.1
65,Trinidad and Tobago,7.9,8.1,8.2,8.3,8.4,8.5,8.7,8.8,8.9,9.0,9.2,9.3,9.5,9.5,9.8,10.0,10.3,10.5,10.8,10.8,10.8,10.8,10.8,10.9,10.9,10.9
97,Tunisia,3.4,3.6,3.7,3.9,4.0,4.1,4.3,4.4,4.6,4.7,4.9,5.1,5.2,5.4,5.6,5.8,5.9,6.1,6.2,6.4,6.6,6.9,6.9,7.0,7.0,7.1
71,Turkey,4.5,4.6,4.6,4.7,4.8,4.8,5.0,5.1,5.3,5.4,5.5,5.6,5.7,5.8,5.9,6.0,6.1,6.2,6.5,6.6,7.2,7.4,7.6,7.7,7.9,7.9
111,Turkmenistan,,,,,,,,,,,,,,,,,,,,,9.9,9.9,9.9,9.9,9.9,9.9
163,Uganda,2.8,2.9,3.0,3.1,3.3,3.4,3.5,3.6,3.7,3.8,3.9,4.0,4.2,4.3,4.4,4.4,4.6,4.8,5.0,5.2,5.4,5.4,5.3,5.4,5.5,5.7
84,Ukraine,9.1,9.3,9.5,9.7,9.9,10.0,10.2,10.3,10.4,10.6,10.7,10.4,10.5,10.6,10.7,11.2,11.2,11.2,11.3,11.3,11.3,11.3,11.3,11.3,11.3,11.3
42,United Arab Emirates,5.6,5.9,6.2,6.5,6.8,7.1,7.3,7.6,7.8,8.0,8.3,8.4,8.6,8.7,8.9,9.0,9.0,9.0,9.1,9.1,9.1,9.2,9.2,9.3,9.3,9.5
16,United Kingdom,7.9,8.6,9.3,10.0,10.7,11.4,11.4,11.5,11.5,11.6,11.7,11.8,11.9,12.0,12.1,12.2,12.4,12.6,12.8,12.8,13.1,13.1,13.1,13.2,13.3,13.3
10,United States,12.3,12.4,12.5,12.6,12.7,12.7,12.7,12.7,12.7,12.7,12.7,12.7,12.7,12.8,12.8,12.8,12.8,12.9,12.9,12.9,12.9,13.0,13.1,13.2,13.2,13.2
54,Uruguay,7.2,7.2,7.2,7.3,7.3,7.4,7.5,7.6,7.7,7.9,8.0,8.0,8.0,8.0,8.0,8.0,8.0,8.2,8.3,8.3,8.3,8.4,8.5,8.5,8.6,8.6
105,Uzbekistan,,,,,,,,,,,9.1,9.2,9.4,9.5,9.7,9.8,9.9,10.2,10.5,10.7,11.0,11.3,11.5,11.8,12.0,12.0
134,Vanuatu,,,,,,,,,,,,,,,,6.5,6.5,6.6,6.6,6.6,6.7,6.7,6.8,6.8,6.8,6.8
71,Venezuela (Bolivarian Republic of),4.6,4.8,5.0,5.1,5.3,5.5,5.7,5.8,6.0,6.2,6.4,6.6,6.8,7.0,7.2,7.4,7.6,8.1,8.3,8.4,8.6,9.4,9.4,9.4,9.4,9.4
115,Viet Nam,3.9,4.1,4.2,4.3,4.5,4.6,4.8,4.9,5.1,5.3,5.4,5.6,5.8,6.0,6.2,6.4,6.6,6.8,7.0,7.2,7.5,7.6,7.8,7.9,7.8,8.0
168,Yemen,0.3,0.4,0.4,0.5,0.6,0.7,0.8,0.9,1.0,1.1,1.2,1.3,1.5,1.6,1.7,1.9,2.0,2.2,2.3,2.5,2.6,2.8,3.0,3.0,3.0,3.0
139,Zambia,4.7,5.0,5.2,5.5,5.8,6.0,6.0,6.0,5.9,5.9,5.9,6.0,6.1,6.1,6.2,6.3,6.4,6.4,6.5,6.5,6.6,6.7,6.7,6.8,6.9,6.9
154,Zimbabwe,4.5,4.7,4.9,5.1,5.3,5.5,5.7,5.9,6.1,6.3,6.5,6.7,6.9,6.8,6.8,6.8,6.8,7.0,7.0,7.2,7.3,7.3,7.7,7.7,7.7,7.7
qqq: Data refer to 2015 or the most recent year available.aaaa: Updated by HDRO using Barro and Lee (2016) estimates.yyy: Based on data from ICF Macro Demographic and Health Surveys for 2006-2015.vvv: Updated by HDRO based on data from UNESCO Institute for Statistics (2016)xxx: Based on data from UNICEF's Multiple Indicator Cluster Surveys 2006-2015.zzz: Updated by HDRO based on Syrian Center for Policy Research (2016).,,,,,,,,,,,,,,,,,,,,,,,,,,,
